account,accountholder
IT31O0000012345511353693576,DKLIEK38D57H836G
IT31O0000012345511353693576,DKLIEK38D57H836G
IT31O0000012345511353693576,DKLIEK38D57H836G
IT31O0000012345511353693576,DKLIEK38D57H836G
IT31O0000012345511353693576,DKLIEK38D57H836G
IT31O0000012345511353693576,DKLIEK38D57H836G
IT31O0000012345511353693576,DKLIEK38D57H836G
IT31O0000012345511353693576,DKLIEK38D57H836G
IT31O0000012345511353693576,DKLIEK38D57H836G
IT31O0000012345511353693576,DKLIEK38D57H836G
IT31O0000012345511353693576,DKLIEK38D57H836G
IT31O0000012345511353693576,DKLIEK38D57H836G
IT31O0000012345511353693576,DKLIEK38D57H836G
IT31O0000012345511353693576,DKLIEK38D57H836G
IT31O0000012345511353693576,DKLIEK38D57H836G
IT31O0000012345511353693576,DKLIEK38D57H836G